"","species_bcrForm","species_clean"
"1","American Robin","American Robin"
"2","Common Yellowthroat","Common Yellowthroat"
"3","American Crow","American Crow"
"4","Red-eyed Vireo","Red-eyed Vireo"
"5","Song Sparrow","Song Sparrow"
"6","Black-capped Chickadee","Black-capped Chickadee"
"7","Ovenbird","Ovenbird"
"8","American Goldfinch","American Goldfinch"
"9","Blue Jay","Blue Jay"
"10","American Redstart","American Redstart"
"11","White-throated Sparrow","White-throated Sparrow"
"12","Common Grackle","Common Grackle"
"13","Tree Swallow","Tree Swallow"
"14","Chipping Sparrow","Chipping Sparrow"
"15","European Starling","European Starling"
"16","Red-winged Blackbird","Red-winged Blackbird"
"17","Chestnut-sided Warbler","Chestnut-sided Warbler"
"18","Veery","Veery"
"19","Hermit Thrush","Hermit Thrush"
"20","Cedar Waxwing","Cedar Waxwing"
"21","Least Flycatcher","Least Flycatcher"
"22","Yellow Warbler","Yellow Warbler"
"23","Alder Flycatcher","Alder Flycatcher"
"24","Yellow-rumped Warbler (all forms)","Yellow-rumped Warbler"
"25","Barn Swallow","Barn Swallow"
"26","Northern Flicker (all forms)","Northern Flicker"
"27","Black-and-white Warbler","Black-and-white Warbler"
"28","Black-throated Green Warbler","Black-throated Green Warbler"
"29","Purple Finch","Purple Finch"
"30","Gray Catbird","Gray Catbird"
"31","Blue-headed Vireo","Blue-headed Vireo"
"32","Mourning Dove","Mourning Dove"
"33","Magnolia Warbler","Magnolia Warbler"
"34","Common Raven","Common Raven"
"35","Yellow-bellied Sapsucker","Yellow-bellied Sapsucker"
"36","Winter Wren","Winter Wren"
"37","Bobolink","Bobolink"
"38","Dark-eyed Junco (all forms)","Dark-eyed Junco"
"39","Rose-breasted Grosbeak","Rose-breasted Grosbeak"
"40","Nashville Warbler","Nashville Warbler"
"41","Red-breasted Nuthatch","Red-breasted Nuthatch"
"42","Eastern Wood-Pewee","Eastern Wood-Pewee"
"43","Eastern Phoebe","Eastern Phoebe"
"44","Northern Parula","Northern Parula"
"45","Brown-headed Cowbird","Brown-headed Cowbird"
"46","Savannah Sparrow","Savannah Sparrow"
"47","Downy Woodpecker","Downy Woodpecker"
"48","Hairy Woodpecker","Hairy Woodpecker"
"49","Wood Thrush","Wood Thrush"
"50","Black-throated Blue Warbler","Black-throated Blue Warbler"
"51","Blackburnian Warbler","Blackburnian Warbler"
"52","Swainson's Thrush","Swainson's Thrush"
"53","Eastern Kingbird","Eastern Kingbird"
"54","Swamp Sparrow","Swamp Sparrow"
"55","House Sparrow","House Sparrow"
"56","Scarlet Tanager","Scarlet Tanager"
"57","Chimney Swift","Chimney Swift"
"58","Rock Pigeon","Rock Pigeon"
"59","Northern Waterthrush","Northern Waterthrush"
"60","Ruby-crowned Kinglet","Ruby-crowned Kinglet"
"61","Canada Warbler","Canada Warbler"
"62","Pileated Woodpecker","Pileated Woodpecker"
"63","Great Crested Flycatcher","Great Crested Flycatcher"
"64","White-breasted Nuthatch","White-breasted Nuthatch"
"65","Baltimore Oriole","Baltimore Oriole"
"66","Indigo Bunting","Indigo Bunting"
"67","Ruby-throated Hummingbird","Ruby-throated Hummingbird"
"68","Golden-crowned Kinglet","Golden-crowned Kinglet"
"69","Belted Kingfisher","Belted Kingfisher"
"70","Northern House Wren","Northern House Wren"
"71","Cliff Swallow","Cliff Swallow"
"72","Evening Grosbeak","Evening Grosbeak"
"73","Bank Swallow","Bank Swallow"
"74","Mourning Warbler","Mourning Warbler"
"75","Warbling Vireo","Warbling Vireo"
"76","Common Loon","Common Loon"
"77","Great Blue Heron","Great Blue Heron"
"78","Olive-sided Flycatcher","Olive-sided Flycatcher"
"79","Yellow-bellied Flycatcher","Yellow-bellied Flycatcher"
"80","Tennessee Warbler","Tennessee Warbler"
"81","Bay-breasted Warbler","Bay-breasted Warbler"
"82","Eastern Bluebird","Eastern Bluebird"
"83","Brown Creeper","Brown Creeper"
"84","American Kestrel","American Kestrel"
"85","Northern Cardinal","Northern Cardinal"
"86","Lincoln's Sparrow","Lincoln's Sparrow"
"87","American Bittern","American Bittern"
"88","Pine Warbler","Pine Warbler"
"89","Brown Thrasher","Brown Thrasher"
"90","Eastern Towhee","Eastern Towhee"
"91","Pine Siskin","Pine Siskin"
"92","Eastern Meadowlark","Eastern Meadowlark"
"93","Field Sparrow","Field Sparrow"
"94","Broad-winged Hawk","Broad-winged Hawk"
"95","Boreal Chickadee","Boreal Chickadee"
"96","Cape May Warbler","Cape May Warbler"
"97","House Finch","House Finch"
"98","Black-billed Cuckoo","Black-billed Cuckoo"
"99","Tufted Titmouse","Tufted Titmouse"
"100","Canada Jay","Canada Jay"
"101","Philadelphia Vireo","Philadelphia Vireo"
"102","Wilson's Warbler","Wilson's Warbler"
"103","Ring-necked Pheasant","Ring-necked Pheasant"
"104","Palm Warbler","Palm Warbler"
"105","Vesper Sparrow","Vesper Sparrow"
"106","Blackpoll Warbler","Blackpoll Warbler"
"107","Barred Owl","Barred Owl"
"108","Northern Mockingbird","Northern Mockingbird"
"109","Red-tailed Hawk (all forms)","Red-tailed Hawk"
"110","Wood Duck","Wood Duck"
"111","White-winged Crossbill","White-winged Crossbill"
"112","Willow Flycatcher","Willow Flycatcher"
"113","Northern Harrier","Northern Harrier"
"114","Turkey Vulture","Turkey Vulture"
"115","Rusty Blackbird","Rusty Blackbird"
"116","Yellow-throated Vireo","Yellow-throated Vireo"
"117","Northern Rough-winged Swallow","Northern Rough-winged Swallow"
"118","Fox Sparrow","Fox Sparrow"
"119","Common Nighthawk","Common Nighthawk"
"120","Bald Eagle","Bald Eagle"
"121","American Robin","American Robin"
"122","Dark-eyed Junco (all forms)","Dark-eyed Junco"
"123","Steller's Jay","Steller's Jay"
"124","Song Sparrow","Song Sparrow"
"125","Swainson's Thrush","Swainson's Thrush"
"126","Orange-crowned Warbler","Orange-crowned Warbler"
"127","Common Raven","Common Raven"
"128","Western Tanager","Western Tanager"
"129","Northern Flicker (all forms)","Northern Flicker"
"130","Spotted Towhee","Spotted Towhee"
"131","Pacific Wren","Pacific Wren"
"132","Chestnut-backed Chickadee","Chestnut-backed Chickadee"
"133","Warbling Vireo","Warbling Vireo"
"134","Black-headed Grosbeak","Black-headed Grosbeak"
"135","Wilson's Warbler","Wilson's Warbler"
"136","Violet-green Swallow","Violet-green Swallow"
"137","Golden-crowned Kinglet","Golden-crowned Kinglet"
"138","European Starling","European Starling"
"139","Barn Swallow","Barn Swallow"
"140","Brown-headed Cowbird","Brown-headed Cowbird"
"141","White-crowned Sparrow","White-crowned Sparrow"
"142","Olive-sided Flycatcher","Olive-sided Flycatcher"
"143","Red-breasted Nuthatch","Red-breasted Nuthatch"
"144","Tree Swallow","Tree Swallow"
"145","Western Wood-Pewee","Western Wood-Pewee"
"146","Rufous Hummingbird","Rufous Hummingbird"
"147","Purple Finch","Purple Finch"
"148","American Crow","American Crow"
"149","Brewer's Blackbird","Brewer's Blackbird"
"150","Red-winged Blackbird","Red-winged Blackbird"
"151","Yellow Warbler","Yellow Warbler"
"152","Black-throated Gray Warbler","Black-throated Gray Warbler"
"153","MacGillivray's Warbler","MacGillivray's Warbler"
"154","American Goldfinch","American Goldfinch"
"155","Yellow-rumped Warbler (all forms)","Yellow-rumped Warbler"
"156","Band-tailed Pigeon","Band-tailed Pigeon"
"157","Willow Flycatcher","Willow Flycatcher"
"158","Common Yellowthroat","Common Yellowthroat"
"159","Hairy Woodpecker","Hairy Woodpecker"
"160","Hermit Thrush","Hermit Thrush"
"161","Varied Thrush","Varied Thrush"
"162","Pine Siskin","Pine Siskin"
"163","House Finch","House Finch"
"164","Chipping Sparrow","Chipping Sparrow"
"165","Cedar Waxwing","Cedar Waxwing"
"166","Red-breasted Sapsucker","Red-breasted Sapsucker"
"167","Brown Creeper","Brown Creeper"
"168","Cliff Swallow","Cliff Swallow"
"169","House Sparrow","House Sparrow"
"170","Mourning Dove","Mourning Dove"
"171","Black-capped Chickadee","Black-capped Chickadee"
"172","Bewick's Wren","Bewick's Wren"
"173","Red-tailed Hawk (all forms)","Red-tailed Hawk"
"174","Cassin's Vireo","Cassin's Vireo"
"175","Savannah Sparrow","Savannah Sparrow"
"176","California Quail","California Quail"
"177","Pileated Woodpecker","Pileated Woodpecker"
"178","Turkey Vulture","Turkey Vulture"
"179","California Scrub-Jay","California Scrub-Jay"
"180","Lazuli Bunting","Lazuli Bunting"
"181","Hutton's Vireo","Hutton's Vireo"
"182","Hermit Warbler","Hermit Warbler"
"183","Hammond's Flycatcher","Hammond's Flycatcher"
"184","Great Blue Heron","Great Blue Heron"
"185","Townsend's Warbler","Townsend's Warbler"
"186","Belted Kingfisher","Belted Kingfisher"
"187","Red Crossbill","Red Crossbill"
"188","Downy Woodpecker","Downy Woodpecker"
"189","Northern House Wren","Northern House Wren"
"190","Northern Rough-winged Swallow","Northern Rough-winged Swallow"
"191","Bald Eagle","Bald Eagle"
"192","Bushtit","Bushtit"
"193","Rock Pigeon","Rock Pigeon"
"194","Bullock's Oriole","Bullock's Oriole"
"195","Nashville Warbler","Nashville Warbler"
"196","Wrentit","Wrentit"
"197","Lesser Goldfinch","Lesser Goldfinch"
"198","Yellow-breasted Chat","Yellow-breasted Chat"
"199","Fox Sparrow","Fox Sparrow"
"200","Mountain Quail","Mountain Quail"
"201","Vaux's Swift","Vaux's Swift"
"202","Western Meadowlark","Western Meadowlark"
"203","Acorn Woodpecker","Acorn Woodpecker"
"204","Ruby-crowned Kinglet","Ruby-crowned Kinglet"
"205","Evening Grosbeak","Evening Grosbeak"
"206","Ring-necked Pheasant","Ring-necked Pheasant"
"207","American Kestrel","American Kestrel"
"208","Common Nighthawk","Common Nighthawk"
"209","Ash-throated Flycatcher","Ash-throated Flycatcher"
"210","Western Kingbird","Western Kingbird"
"211","Lincoln's Sparrow","Lincoln's Sparrow"
"212","Anna's Hummingbird","Anna's Hummingbird"
"213","Western Bluebird","Western Bluebird"
"214","Dusky Flycatcher","Dusky Flycatcher"
"215","White-breasted Nuthatch","White-breasted Nuthatch"
"216","Black Phoebe","Black Phoebe"
"217","Canada Jay","Canada Jay"
"218","California Towhee","California Towhee"
"219","Red-eyed Vireo","Red-eyed Vireo"
"220","Marsh Wren","Marsh Wren"
"221","Townsend's Solitaire","Townsend's Solitaire"
"222","Mountain Chickadee","Mountain Chickadee"
"223","Wood Duck","Wood Duck"
"224","Allen's Hummingbird","Allen's Hummingbird"
"225","Purple Martin","Purple Martin"
"226","Alder Flycatcher","Alder Flycatcher"
"227","Oak Titmouse","Oak Titmouse"
"228","Green Heron","Green Heron"
"229","Common Loon","Common Loon"
"230","Lark Sparrow","Lark Sparrow"
"231","American Dipper","American Dipper"
"232","Red-shouldered Hawk","Red-shouldered Hawk"
"233","Northern Harrier","Northern Harrier"
"234","Black Swift","Black Swift"
"235","Northern Pygmy-Owl","Northern Pygmy-Owl"
"236","Cooper's Hawk","Cooper's Hawk"
"237","American Crow","American Crow"
"238","American Robin","American Robin"
"239","Indigo Bunting","Indigo Bunting"
"240","Northern Cardinal","Northern Cardinal"
"241","Chipping Sparrow","Chipping Sparrow"
"242","Blue Jay","Blue Jay"
"243","Wood Thrush","Wood Thrush"
"244","Mourning Dove","Mourning Dove"
"245","Red-eyed Vireo","Red-eyed Vireo"
"246","European Starling","European Starling"
"247","Red-winged Blackbird","Red-winged Blackbird"
"248","Barn Swallow","Barn Swallow"
"249","Eastern Towhee","Eastern Towhee"
"250","Common Grackle","Common Grackle"
"251","American Goldfinch","American Goldfinch"
"252","Eastern Phoebe","Eastern Phoebe"
"253","Song Sparrow","Song Sparrow"
"254","Gray Catbird","Gray Catbird"
"255","Common Yellowthroat","Common Yellowthroat"
"256","Field Sparrow","Field Sparrow"
"257","Brown-headed Cowbird","Brown-headed Cowbird"
"258","Tufted Titmouse","Tufted Titmouse"
"259","Eastern Wood-Pewee","Eastern Wood-Pewee"
"260","Northern Flicker (all forms)","Northern Flicker"
"261","House Sparrow","House Sparrow"
"262","Scarlet Tanager","Scarlet Tanager"
"263","Downy Woodpecker","Downy Woodpecker"
"264","Eastern Meadowlark","Eastern Meadowlark"
"265","Chimney Swift","Chimney Swift"
"266","Ovenbird","Ovenbird"
"267","Eastern Bluebird","Eastern Bluebird"
"268","Yellow Warbler","Yellow Warbler"
"269","Brown Thrasher","Brown Thrasher"
"270","Great Crested Flycatcher","Great Crested Flycatcher"
"271","Northern House Wren","Northern House Wren"
"272","White-breasted Nuthatch","White-breasted Nuthatch"
"273","Cedar Waxwing","Cedar Waxwing"
"274","Carolina Wren","Carolina Wren"
"275","Baltimore Oriole","Baltimore Oriole"
"276","Red-bellied Woodpecker","Red-bellied Woodpecker"
"277","Eastern Kingbird","Eastern Kingbird"
"278","Northern Mockingbird","Northern Mockingbird"
"279","Pileated Woodpecker","Pileated Woodpecker"
"280","Yellow-billed Cuckoo","Yellow-billed Cuckoo"
"281","Blue-gray Gnatcatcher","Blue-gray Gnatcatcher"
"282","House Finch","House Finch"
"283","American Redstart","American Redstart"
"284","Acadian Flycatcher","Acadian Flycatcher"
"285","Rock Pigeon","Rock Pigeon"
"286","Yellow-throated Vireo","Yellow-throated Vireo"
"287","Black-capped Chickadee","Black-capped Chickadee"
"288","Tree Swallow","Tree Swallow"
"289","Yellow-breasted Chat","Yellow-breasted Chat"
"290","Turkey Vulture","Turkey Vulture"
"291","Carolina Chickadee","Carolina Chickadee"
"292","Hooded Warbler","Hooded Warbler"
"293","Black-and-white Warbler","Black-and-white Warbler"
"294","Rose-breasted Grosbeak","Rose-breasted Grosbeak"
"295","Northern Rough-winged Swallow","Northern Rough-winged Swallow"
"296","Ruby-throated Hummingbird","Ruby-throated Hummingbird"
"297","White-eyed Vireo","White-eyed Vireo"
"298","Orchard Oriole","Orchard Oriole"
"299","Prairie Warbler","Prairie Warbler"
"300","Chestnut-sided Warbler","Chestnut-sided Warbler"
"301","Hairy Woodpecker","Hairy Woodpecker"
"302","Willow Flycatcher","Willow Flycatcher"
"303","Veery","Veery"
"304","Belted Kingfisher","Belted Kingfisher"
"305","Black-throated Green Warbler","Black-throated Green Warbler"
"306","Red-tailed Hawk (all forms)","Red-tailed Hawk"
"307","Louisiana Waterthrush","Louisiana Waterthrush"
"308","Northern Parula","Northern Parula"
"309","Warbling Vireo","Warbling Vireo"
"310","Least Flycatcher","Least Flycatcher"
"311","Kentucky Warbler","Kentucky Warbler"
"312","Grasshopper Sparrow","Grasshopper Sparrow"
"313","Blue-headed Vireo","Blue-headed Vireo"
"314","Bobolink","Bobolink"
"315","Great Blue Heron","Great Blue Heron"
"316","Green Heron","Green Heron"
"317","Savannah Sparrow","Savannah Sparrow"
"318","American Kestrel","American Kestrel"
"319","Purple Martin","Purple Martin"
"320","Worm-eating Warbler","Worm-eating Warbler"
"321","Blue-winged Warbler","Blue-winged Warbler"
"322","Dark-eyed Junco (all forms)","Dark-eyed Junco"
"323","Pine Warbler","Pine Warbler"
"324","Summer Tanager","Summer Tanager"
"325","Black-billed Cuckoo","Black-billed Cuckoo"
"326","Yellow-throated Warbler","Yellow-throated Warbler"
"327","Cerulean Warbler","Cerulean Warbler"
"328","Common Raven","Common Raven"
"329","Blue Grosbeak","Blue Grosbeak"
"330","Hermit Thrush","Hermit Thrush"
"331","Cliff Swallow","Cliff Swallow"
"332","Red-shouldered Hawk","Red-shouldered Hawk"
"333","Purple Finch","Purple Finch"
"334","Blackburnian Warbler","Blackburnian Warbler"
"335","Broad-winged Hawk","Broad-winged Hawk"
"336","Ring-necked Pheasant","Ring-necked Pheasant"
"337","Black-throated Blue Warbler","Black-throated Blue Warbler"
"338","Vesper Sparrow","Vesper Sparrow"
"339","Swamp Sparrow","Swamp Sparrow"
"340","Yellow-bellied Sapsucker","Yellow-bellied Sapsucker"
"341","Wood Duck","Wood Duck"
"342","Magnolia Warbler","Magnolia Warbler"
"343","Alder Flycatcher","Alder Flycatcher"
"344","Horned Lark","Horned Lark"
"345","Eastern Whip-poor-will","Eastern Whip-poor-will"
"346","Canada Warbler","Canada Warbler"
"347","Red-headed Woodpecker","Red-headed Woodpecker"
"348","Golden-winged Warbler","Golden-winged Warbler"
"349","Cooper's Hawk","Cooper's Hawk"
"350","Brown Creeper","Brown Creeper"
"351","Yellow-rumped Warbler (all forms)","Yellow-rumped Warbler"
"352","Winter Wren","Winter Wren"
"353","Barred Owl","Barred Owl"
"354","Bank Swallow","Bank Swallow"
"355","Black Vulture","Black Vulture"
"356","Mourning Warbler","Mourning Warbler"
"357","Chuck-will's-widow","Chuck-will's-widow"
"358","Brown-headed Nuthatch","Brown-headed Nuthatch"
"359","White-throated Sparrow","White-throated Sparrow"
"360","Red-breasted Nuthatch","Red-breasted Nuthatch"
"361","Red-winged Blackbird","Red-winged Blackbird"
"362","Mourning Dove","Mourning Dove"
"363","Barn Swallow","Barn Swallow"
"364","American Robin","American Robin"
"365","Common Grackle","Common Grackle"
"366","House Sparrow","House Sparrow"
"367","European Starling","European Starling"
"368","American Crow","American Crow"
"369","Northern Cardinal","Northern Cardinal"
"370","Brown-headed Cowbird","Brown-headed Cowbird"
"371","Indigo Bunting","Indigo Bunting"
"372","Blue Jay","Blue Jay"
"373","American Goldfinch","American Goldfinch"
"374","Eastern Meadowlark","Eastern Meadowlark"
"375","Common Yellowthroat","Common Yellowthroat"
"376","Brown Thrasher","Brown Thrasher"
"377","Northern House Wren","Northern House Wren"
"378","Dickcissel","Dickcissel"
"379","Eastern Kingbird","Eastern Kingbird"
"380","Field Sparrow","Field Sparrow"
"381","Horned Lark","Horned Lark"
"382","Gray Catbird","Gray Catbird"
"383","Baltimore Oriole","Baltimore Oriole"
"384","Chimney Swift","Chimney Swift"
"385","Song Sparrow","Song Sparrow"
"386","Chipping Sparrow","Chipping Sparrow"
"387","Northern Flicker (all forms)","Northern Flicker"
"388","Red-bellied Woodpecker","Red-bellied Woodpecker"
"389","Red-headed Woodpecker","Red-headed Woodpecker"
"390","Eastern Wood-Pewee","Eastern Wood-Pewee"
"391","Rock Pigeon","Rock Pigeon"
"392","Warbling Vireo","Warbling Vireo"
"393","Great Crested Flycatcher","Great Crested Flycatcher"
"394","Tufted Titmouse","Tufted Titmouse"
"395","Eastern Bluebird","Eastern Bluebird"
"396","Downy Woodpecker","Downy Woodpecker"
"397","Yellow-billed Cuckoo","Yellow-billed Cuckoo"
"398","Grasshopper Sparrow","Grasshopper Sparrow"
"399","Red-tailed Hawk (all forms)","Red-tailed Hawk"
"400","Ring-necked Pheasant","Ring-necked Pheasant"
"401","Eastern Phoebe","Eastern Phoebe"
"402","Northern Mockingbird","Northern Mockingbird"
"403","Great Blue Heron","Great Blue Heron"
"404","White-breasted Nuthatch","White-breasted Nuthatch"
"405","Purple Martin","Purple Martin"
"406","Northern Rough-winged Swallow","Northern Rough-winged Swallow"
"407","Rose-breasted Grosbeak","Rose-breasted Grosbeak"
"408","American Kestrel","American Kestrel"
"409","Vesper Sparrow","Vesper Sparrow"
"410","Turkey Vulture","Turkey Vulture"
"411","Eastern Towhee","Eastern Towhee"
"412","Orchard Oriole","Orchard Oriole"
"413","Black-capped Chickadee","Black-capped Chickadee"
"414","House Finch","House Finch"
"415","Red-eyed Vireo","Red-eyed Vireo"
"416","Cedar Waxwing","Cedar Waxwing"
"417","Carolina Wren","Carolina Wren"
"418","Yellow Warbler","Yellow Warbler"
"419","Western Meadowlark","Western Meadowlark"
"420","Bobolink","Bobolink"
"421","Wood Thrush","Wood Thrush"
"422","Willow Flycatcher","Willow Flycatcher"
"423","Blue-gray Gnatcatcher","Blue-gray Gnatcatcher"
"424","Savannah Sparrow","Savannah Sparrow"
"425","Cliff Swallow","Cliff Swallow"
"426","Blue Grosbeak","Blue Grosbeak"
"427","Yellow-breasted Chat","Yellow-breasted Chat"
"428","Tree Swallow","Tree Swallow"
"429","Green Heron","Green Heron"
"430","Lark Sparrow","Lark Sparrow"
"431","Ruby-throated Hummingbird","Ruby-throated Hummingbird"
"432","Carolina Chickadee","Carolina Chickadee"
"433","Loggerhead Shrike","Loggerhead Shrike"
"434","Yellow-throated Vireo","Yellow-throated Vireo"
"435","Bell's Vireo","Bell's Vireo"
"436","Wood Duck","Wood Duck"
"437","Belted Kingfisher","Belted Kingfisher"
"438","Hairy Woodpecker","Hairy Woodpecker"
"439","Great Horned Owl","Great Horned Owl"
"440","Northern Parula","Northern Parula"
"441","Summer Tanager","Summer Tanager"
"442","Common Nighthawk","Common Nighthawk"
"443","Scarlet Tanager","Scarlet Tanager"
"444","Black-billed Cuckoo","Black-billed Cuckoo"
"445","Acadian Flycatcher","Acadian Flycatcher"
"446","White-eyed Vireo","White-eyed Vireo"
"447","Pileated Woodpecker","Pileated Woodpecker"
"448","Bank Swallow","Bank Swallow"
"449","Scissor-tailed Flycatcher","Scissor-tailed Flycatcher"
"450","Barred Owl","Barred Owl"
"451","Western Kingbird","Western Kingbird"
"452","Kentucky Warbler","Kentucky Warbler"
"453","Cooper's Hawk","Cooper's Hawk"
"454","Sedge Wren","Sedge Wren"
"455","Eurasian Tree Sparrow","Eurasian Tree Sparrow"
"456","American Redstart","American Redstart"
"457","Great Egret","Great Egret"
"458","Red-shouldered Hawk","Red-shouldered Hawk"
"459","Henslow's Sparrow","Henslow's Sparrow"
"460","American Robin","American Robin"
"461","Northern Flicker (all forms)","Northern Flicker"
"462","Common Raven","Common Raven"
"463","Chipping Sparrow","Chipping Sparrow"
"464","Yellow Warbler","Yellow Warbler"
"465","Red-winged Blackbird","Red-winged Blackbird"
"466","Song Sparrow","Song Sparrow"
"467","Brown-headed Cowbird","Brown-headed Cowbird"
"468","Warbling Vireo","Warbling Vireo"
"469","Dark-eyed Junco (all forms)","Dark-eyed Junco"
"470","Yellow-rumped Warbler (all forms)","Yellow-rumped Warbler"
"471","Brewer's Blackbird","Brewer's Blackbird"
"472","Western Meadowlark","Western Meadowlark"
"473","Western Wood-Pewee","Western Wood-Pewee"
"474","Pine Siskin","Pine Siskin"
"475","Western Tanager","Western Tanager"
"476","Red-breasted Nuthatch","Red-breasted Nuthatch"
"477","Tree Swallow","Tree Swallow"
"478","Swainson's Thrush","Swainson's Thrush"
"479","Ruby-crowned Kinglet","Ruby-crowned Kinglet"
"480","Vesper Sparrow","Vesper Sparrow"
"481","Black-billed Magpie","Black-billed Magpie"
"482","Mourning Dove","Mourning Dove"
"483","European Starling","European Starling"
"484","Barn Swallow","Barn Swallow"
"485","American Crow","American Crow"
"486","MacGillivray's Warbler","MacGillivray's Warbler"
"487","Red-tailed Hawk (all forms)","Red-tailed Hawk"
"488","Savannah Sparrow","Savannah Sparrow"
"489","Black-capped Chickadee","Black-capped Chickadee"
"490","Dusky Flycatcher","Dusky Flycatcher"
"491","Mountain Bluebird","Mountain Bluebird"
"492","Cliff Swallow","Cliff Swallow"
"493","Mountain Chickadee","Mountain Chickadee"
"494","Common Yellowthroat","Common Yellowthroat"
"495","Willow Flycatcher","Willow Flycatcher"
"496","American Kestrel","American Kestrel"
"497","Hammond's Flycatcher","Hammond's Flycatcher"
"498","Northern House Wren","Northern House Wren"
"499","Brewer's Sparrow","Brewer's Sparrow"
"500","Orange-crowned Warbler","Orange-crowned Warbler"
"501","Cassin's Vireo","Cassin's Vireo"
"502","Violet-green Swallow","Violet-green Swallow"
"503","Hermit Thrush","Hermit Thrush"
"504","Common Nighthawk","Common Nighthawk"
"505","Lazuli Bunting","Lazuli Bunting"
"506","Lincoln's Sparrow","Lincoln's Sparrow"
"507","Red-naped Sapsucker","Red-naped Sapsucker"
"508","Golden-crowned Kinglet","Golden-crowned Kinglet"
"509","Olive-sided Flycatcher","Olive-sided Flycatcher"
"510","Horned Lark","Horned Lark"
"511","Cedar Waxwing","Cedar Waxwing"
"512","Northern Rough-winged Swallow","Northern Rough-winged Swallow"
"513","Red Crossbill","Red Crossbill"
"514","Hairy Woodpecker","Hairy Woodpecker"
"515","Rock Wren","Rock Wren"
"516","Black-headed Grosbeak","Black-headed Grosbeak"
"517","Townsend's Warbler","Townsend's Warbler"
"518","White-crowned Sparrow","White-crowned Sparrow"
"519","Cassin's Finch","Cassin's Finch"
"520","Wilson's Warbler","Wilson's Warbler"
"521","Sage Thrasher","Sage Thrasher"
"522","Spotted Towhee","Spotted Towhee"
"523","Northern Waterthrush","Northern Waterthrush"
"524","Eastern Kingbird","Eastern Kingbird"
"525","Gray Catbird","Gray Catbird"
"526","American Goldfinch","American Goldfinch"
"527","Townsend's Solitaire","Townsend's Solitaire"
"528","Varied Thrush","Varied Thrush"
"529","Canada Jay","Canada Jay"
"530","Clark's Nutcracker","Clark's Nutcracker"
"531","Yellow-headed Blackbird","Yellow-headed Blackbird"
"532","Red-eyed Vireo","Red-eyed Vireo"
"533","Pileated Woodpecker","Pileated Woodpecker"
"534","American Redstart","American Redstart"
"535","Pacific Wren","Pacific Wren"
"536","Steller's Jay","Steller's Jay"
"537","Veery","Veery"
"538","House Sparrow","House Sparrow"
"539","Least Flycatcher","Least Flycatcher"
"540","Green-tailed Towhee","Green-tailed Towhee"
"541","Bullock's Oriole","Bullock's Oriole"
"542","Western Kingbird","Western Kingbird"
"543","Great Blue Heron","Great Blue Heron"
"544","Belted Kingfisher","Belted Kingfisher"
"545","Sora","Sora"
"546","Northern Harrier","Northern Harrier"
"547","Say's Phoebe","Say's Phoebe"
"548","Evening Grosbeak","Evening Grosbeak"
"549","Lark Sparrow","Lark Sparrow"
"550","Rufous Hummingbird","Rufous Hummingbird"
"551","Bank Swallow","Bank Swallow"
"552","Ring-necked Pheasant","Ring-necked Pheasant"
"553","Fox Sparrow","Fox Sparrow"
"554","House Finch","House Finch"
"555","Clay-colored Sparrow","Clay-colored Sparrow"
"556","Golden Eagle","Golden Eagle"
"557","Rock Pigeon","Rock Pigeon"
"558","Nashville Warbler","Nashville Warbler"
"559","Downy Woodpecker","Downy Woodpecker"
"560","Alder Flycatcher","Alder Flycatcher"
"561","Common Loon","Common Loon"
"562","American Coot","American Coot"
"563","Calliope Hummingbird","Calliope Hummingbird"
"564","Lark Bunting","Lark Bunting"
"565","Sagebrush Sparrow","Sagebrush Sparrow"
"566","Bald Eagle","Bald Eagle"
"567","Common Grackle","Common Grackle"
"568","Swainson's Hawk","Swainson's Hawk"
"569","Turkey Vulture","Turkey Vulture"
"570","Yellow-breasted Chat","Yellow-breasted Chat"
"571","Brown Creeper","Brown Creeper"
"572","Marsh Wren","Marsh Wren"
"573","Cinnamon Teal","Cinnamon Teal"
"574","White-breasted Nuthatch","White-breasted Nuthatch"
"575","Loggerhead Shrike","Loggerhead Shrike"
"576","California Quail","California Quail"
"577","Bobolink","Bobolink"
"578","Tennessee Warbler","Tennessee Warbler"
"579","Great Horned Owl","Great Horned Owl"
"580","American Dipper","American Dipper"
"581","Lesser Scaup","Lesser Scaup"
"582","Western Bluebird","Western Bluebird"
"583","Vaux's Swift","Vaux's Swift"
"584","White-throated Sparrow","White-throated Sparrow"
"585","Williamson's Sapsucker","Williamson's Sapsucker"
"586","Chestnut-backed Chickadee","Chestnut-backed Chickadee"
"587","Pied-billed Grebe","Pied-billed Grebe"
"588","Ferruginous Hawk","Ferruginous Hawk"
"589","Magnolia Warbler","Magnolia Warbler"
"590","Red-necked Grebe","Red-necked Grebe"
"591","Purple Finch","Purple Finch"
"592","Grasshopper Sparrow","Grasshopper Sparrow"
"593","American White Pelican","American White Pelican"
"594","Prairie Falcon","Prairie Falcon"
"595","Mourning Dove","Mourning Dove"
"596","Western Kingbird","Western Kingbird"
"597","Western Meadowlark","Western Meadowlark"
"598","Horned Lark","Horned Lark"
"599","Barn Swallow","Barn Swallow"
"600","Red-winged Blackbird","Red-winged Blackbird"
"601","House Sparrow","House Sparrow"
"602","Swainson's Hawk","Swainson's Hawk"
"603","Lark Sparrow","Lark Sparrow"
"604","Northern Mockingbird","Northern Mockingbird"
"605","Cassin's Sparrow","Cassin's Sparrow"
"606","Common Nighthawk","Common Nighthawk"
"607","Common Grackle","Common Grackle"
"608","Grasshopper Sparrow","Grasshopper Sparrow"
"609","European Starling","European Starling"
"610","Brown-headed Cowbird","Brown-headed Cowbird"
"611","Bullock's Oriole","Bullock's Oriole"
"612","Lark Bunting","Lark Bunting"
"613","Ring-necked Pheasant","Ring-necked Pheasant"
"614","Burrowing Owl","Burrowing Owl"
"615","Loggerhead Shrike","Loggerhead Shrike"
"616","American Robin","American Robin"
"617","Cliff Swallow","Cliff Swallow"
"618","Blue Grosbeak","Blue Grosbeak"
"619","Red-tailed Hawk (all forms)","Red-tailed Hawk"
"620","American Kestrel","American Kestrel"
"621","Rock Pigeon","Rock Pigeon"
"622","Say's Phoebe","Say's Phoebe"
"623","House Finch","House Finch"
"624","Scaled Quail","Scaled Quail"
"625","Eastern Kingbird","Eastern Kingbird"
"626","Great-tailed Grackle","Great-tailed Grackle"
"627","Turkey Vulture","Turkey Vulture"
"628","Dickcissel","Dickcissel"
"629","Chihuahuan Raven","Chihuahuan Raven"
"630","Scissor-tailed Flycatcher","Scissor-tailed Flycatcher"
"631","American Crow","American Crow"
"632","Orchard Oriole","Orchard Oriole"
"633","Northern Harrier","Northern Harrier"
"634","Ash-throated Flycatcher","Ash-throated Flycatcher"
"635","Ferruginous Hawk","Ferruginous Hawk"
"636","Brown Thrasher","Brown Thrasher"
"637","Eastern Meadowlark","Eastern Meadowlark"
"638","Northern Flicker (all forms)","Northern Flicker"
"639","Great Horned Owl","Great Horned Owl"
"640","Black-billed Magpie","Black-billed Magpie"
"641","Red-headed Woodpecker","Red-headed Woodpecker"
"642","Northern House Wren","Northern House Wren"
"643","Yellow Warbler","Yellow Warbler"
"644","Curve-billed Thrasher","Curve-billed Thrasher"
"645","Brewer's Blackbird","Brewer's Blackbird"
"646","Rock Wren","Rock Wren"
"647","Western Wood-Pewee","Western Wood-Pewee"
"648","Great Blue Heron","Great Blue Heron"
"649","Blue Jay","Blue Jay"
"650","Cassin's Kingbird","Cassin's Kingbird"
"651","Common Raven","Common Raven"
"652","American Goldfinch","American Goldfinch"
"653","Northern Rough-winged Swallow","Northern Rough-winged Swallow"
"654","Ladder-backed Woodpecker","Ladder-backed Woodpecker"
"655","Common Yellowthroat","Common Yellowthroat"
"656","Vesper Sparrow","Vesper Sparrow"
"657","Bewick's Wren","Bewick's Wren"
"658","Brewer's Sparrow","Brewer's Sparrow"
"659","Greater Roadrunner","Greater Roadrunner"
"660","Yellow-headed Blackbird","Yellow-headed Blackbird"
"661","Cactus Wren","Cactus Wren"
"662","Yellow-billed Cuckoo","Yellow-billed Cuckoo"
"663","Black-headed Grosbeak","Black-headed Grosbeak"
"664","Chimney Swift","Chimney Swift"
"665","Canyon Towhee","Canyon Towhee"
"666","Lesser Goldfinch","Lesser Goldfinch"
"667","Prairie Falcon","Prairie Falcon"
"668","Spotted Towhee","Spotted Towhee"
"669","Mississippi Kite","Mississippi Kite"
"670","Baltimore Oriole","Baltimore Oriole"
"671","Black-throated Sparrow","Black-throated Sparrow"
"672","Warbling Vireo","Warbling Vireo"
"673","Northern Cardinal","Northern Cardinal"
"674","Pyrrhuloxia","Pyrrhuloxia"
"675","Thick-billed Longspur","Thick-billed Longspur"
